-- phpMyAdmin SQL Dump
-- version 5.2.1
-- https://www.phpmyadmin.net/
--
-- Servidor: 127.0.0.1
-- Tiempo de generación: 23-09-2024 a las 22:49:26
-- Versión del servidor: 10.4.32-MariaDB
-- Versión de PHP: 8.2.12

SET SQL_MODE = "NO_AUTO_VALUE_ON_ZERO";
START TRANSACTION;
SET time_zone = "+00:00";


/*!40101 SET @OLD_CHARACTER_SET_CLIENT=@@CHARACTER_SET_CLIENT */;
/*!40101 SET @OLD_CHARACTER_SET_RESULTS=@@CHARACTER_SET_RESULTS */;
/*!40101 SET @OLD_COLLATION_CONNECTION=@@COLLATION_CONNECTION */;
/*!40101 SET NAMES utf8mb4 */;

--
-- Base de datos: `gestion`
--
CREATE DATABASE IF NOT EXISTS `gestion` DEFAULT CHARACTER SET utf8mb4 COLLATE utf8mb4_general_ci;
USE `gestion`;

-- --------------------------------------------------------

--
-- Estructura de tabla para la tabla `clientes`
--

CREATE TABLE `clientes` (
  `idCliente` int(11) NOT NULL,
  `nombre` varchar(100) NOT NULL,
  `direccion` varchar(255) NOT NULL,
  `email` varchar(100) NOT NULL
) ENGINE=InnoDB DEFAULT CHARSET=utf8mb4 COLLATE=utf8mb4_general_ci;

--
-- Volcado de datos para la tabla `clientes`
--

INSERT INTO `clientes` (`idCliente`, `nombre`, `direccion`, `email`) VALUES
(1, 'Victor Aguilera', 'Villa Mercedes', 'vitoan@proton.me'),
(2, 'Estefani', 'La Punta', 'stefaninairescobar@gmail.com'),
(3, 'Lourdes', 'San Luis City', 'lourdeslateacher@yahoo.com'),
(4, 'Fede', 'San Luis City', 'front-end-senior@outlook.com'),
(5, 'Maximilian', 'San Luis City', 'loviunavez@live.com'),
(6, 'Dante', 'San Luis City', 'supertrabajador@hotmail.com');

-- --------------------------------------------------------

--
-- Estructura de tabla para la tabla `detalles_pedido`
--

CREATE TABLE `detalles_pedido` (
  `idPedido` int(11) NOT NULL,
  `idProducto` int(11) NOT NULL,
  `cantidad` int(11) NOT NULL
) ENGINE=InnoDB DEFAULT CHARSET=utf8mb4 COLLATE=utf8mb4_general_ci;

--
-- Volcado de datos para la tabla `detalles_pedido`
--

INSERT INTO `detalles_pedido` (`idPedido`, `idProducto`, `cantidad`) VALUES
(1, 2033, 1),
(1, 2057, 2),
(2, 2901, 1),
(3, 2033, 1),
(3, 2057, 2),
(3, 3024, 1);

-- --------------------------------------------------------

--
-- Estructura de tabla para la tabla `pedidos`
--

CREATE TABLE `pedidos` (
  `idPedido` int(11) NOT NULL,
  `fecha` date NOT NULL,
  `idCliente` int(11) NOT NULL,
  `estado` tinyint(1) NOT NULL
) ENGINE=InnoDB DEFAULT CHARSET=utf8mb4 COLLATE=utf8mb4_general_ci;

--
-- Volcado de datos para la tabla `pedidos`
--

INSERT INTO `pedidos` (`idPedido`, `fecha`, `idCliente`, `estado`) VALUES
(1, '2024-01-15', 1, 0),
(2, '2024-02-20', 2, 1),
(3, '2024-03-10', 3, 0);

-- --------------------------------------------------------

--
-- Estructura de tabla para la tabla `productos`
--

CREATE TABLE `productos` (
  `idProducto` int(11) NOT NULL,
  `nombre` varchar(100) NOT NULL,
  `descripcion` text NOT NULL,
  `precio` decimal(10,2) NOT NULL
) ENGINE=InnoDB DEFAULT CHARSET=utf8mb4 COLLATE=utf8mb4_general_ci;

--
-- Volcado de datos para la tabla `productos`
--

INSERT INTO `productos` (`idProducto`, `nombre`, `descripcion`, `precio`) VALUES
(2033, 'Laptop Gamer', 'Laptop potente para juegos', 12000.00),
(2057, 'Smartphone', 'Teléfono inteligente con cámara avanzada', 8000.00),
(2901, 'Auriculares Inalámbricos', 'Auriculares con cancelación de ruido', 6000.00),
(3024, 'Reloj Inteligente', 'Reloj con múltiples funciones y conectividad', 7000.00);

--
-- Índices para tablas volcadas
--

--
-- Indices de la tabla `clientes`
--
ALTER TABLE `clientes`
  ADD PRIMARY KEY (`idCliente`),
  ADD UNIQUE KEY `email` (`email`);

--
-- Indices de la tabla `detalles_pedido`
--
ALTER TABLE `detalles_pedido`
  ADD PRIMARY KEY (`idPedido`,`idProducto`),
  ADD KEY `idProducto` (`idProducto`);

--
-- Indices de la tabla `pedidos`
--
ALTER TABLE `pedidos`
  ADD PRIMARY KEY (`idPedido`),
  ADD KEY `idCliente` (`idCliente`);

--
-- Indices de la tabla `productos`
--
ALTER TABLE `productos`
  ADD PRIMARY KEY (`idProducto`);

--
-- AUTO_INCREMENT de las tablas volcadas
--

--
-- AUTO_INCREMENT de la tabla `clientes`
--
ALTER TABLE `clientes`
  MODIFY `idCliente` int(11) NOT NULL AUTO_INCREMENT, AUTO_INCREMENT=7;

--
-- AUTO_INCREMENT de la tabla `pedidos`
--
ALTER TABLE `pedidos`
  MODIFY `idPedido` int(11) NOT NULL AUTO_INCREMENT, AUTO_INCREMENT=7;

--
-- Restricciones para tablas volcadas
--

--
-- Filtros para la tabla `detalles_pedido`
--
ALTER TABLE `detalles_pedido`
  ADD CONSTRAINT `detalles_pedido_ibfk_1` FOREIGN KEY (`idPedido`) REFERENCES `pedidos` (`idPedido`),
  ADD CONSTRAINT `detalles_pedido_ibfk_2` FOREIGN KEY (`idProducto`) REFERENCES `productos` (`idProducto`);

--
-- Filtros para la tabla `pedidos`
--
ALTER TABLE `pedidos`
  ADD CONSTRAINT `pedidos_ibfk_1` FOREIGN KEY (`idCliente`) REFERENCES `clientes` (`idCliente`);
COMMIT;

/*!40101 SET CHARACTER_SET_CLIENT=@OLD_CHARACTER_SET_CLIENT */;
/*!40101 SET CHARACTER_SET_RESULTS=@OLD_CHARACTER_SET_RESULTS */;
/*!40101 SET COLLATION_CONNECTION=@OLD_COLLATION_CONNECTION */;
